<?xml version="1.0" encoding="UTF-8"?>
<project-private xmlns="http://www.netbeans.org/ns/project-private/1">
    <editor-bookmarks xmlns="http://www.netbeans.org/ns/editor-bookmarks/2" lastBookmarkId="0"/>
    <open-files xmlns="http://www.netbeans.org/ns/projectui-open-files/2">
        <group>
            <file>file:/C:/Users/Alejandro%20Pallais/Documents/NetBeansProjects/proyecto2020_09_3/src/proyecto2020_09_3/Proyecto2020_09_3.java</file>
            <file>file:/C:/Users/Alejandro%20Pallais/Documents/NetBeansProjects/proyecto2020_09_3/src/proyecto2020_09_3/informe.java</file>
            <file>file:/C:/Users/Alejandro%20Pallais/Documents/NetBeansProjects/proyecto2020_09_3/src/proyecto2020_09_3/ActividadDeHoy.java</file>
            <file>file:/C:/Users/Alejandro%20Pallais/Documents/NetBeansProjects/proyecto2020_09_3/src/proyecto2020_09_3/dia.java</file>
            <file>file:/C:/Users/Alejandro%20Pallais/Documents/NetBeansProjects/proyecto2020_09_3/src/proyecto2020_09_3/inicio.java</file>
            <file>file:/C:/Users/Alejandro%20Pallais/Documents/NetBeansProjects/proyecto2020_09_3/src/proyecto2020_09_3/metodo.java</file>
        </group>
    </open-files>
</project-private>
